{
    "features": [
        "IN_BYTES",
        "IN_PKTS",
        "OUT_BYTES",
        "OUT_PKTS",
        "FLOW_DURATION_MILLISECONDS",
        "DURATION_IN",
        "DURATION_OUT",
        "MIN_TTL",
        "MAX_TTL",
        "LONGEST_FLOW_PKT",
        "SHORTEST_FLOW_PKT",
        "MIN_IP_PKT_LEN",
        "MAX_IP_PKT_LEN",
        "SRC_TO_DST_SECOND_BYTES",
        "DST_TO_SRC_SECOND_BYTES",
        "RETRANSMITTED_IN_BYTES",
        "RETRANSMITTED_IN_PKTS",
        "RETRANSMITTED_OUT_BYTES",
        "RETRANSMITTED_OUT_PKTS",
        "SRC_TO_DST_AVG_THROUGHPUT",
        "DST_TO_SRC_AVG_THROUGHPUT",
        "NUM_PKTS_UP_TO_128_BYTES",
        "NUM_PKTS_128_TO_256_BYTES",
        "NUM_PKTS_256_TO_512_BYTES",
        "NUM_PKTS_512_TO_1024_BYTES",
        "NUM_PKTS_1024_TO_1514_BYTES",
        "TCP_WIN_MAX_IN",
        "TCP_WIN_MAX_OUT",
        "DNS_QUERY_ID",
        "DNS_QUERY_TYPE",
        "DNS_TTL_ANSWER",
        "FTP_COMMAND_RET_CODE",
        "SRC_TO_DST_IAT_MIN",
        "SRC_TO_DST_IAT_MAX",
        "SRC_TO_DST_IAT_AVG",
        "SRC_TO_DST_IAT_STDDEV",
        "DST_TO_SRC_IAT_MIN",
        "DST_TO_SRC_IAT_MAX",
        "DST_TO_SRC_IAT_AVG",
        "DST_TO_SRC_IAT_STDDEV"
    ],
    "mean": [
        5.608649291069676,
        1.6070115606144273,
        5.785606304669132,
        1.5122157749745129,
        4.0596941683078125,
        3.5725766315455325,
        3.0920988175608812,
        2.7755324799580974,
        2.7795114396609257,
        5.532498123052313,
        3.980984796098419,
        3.688992325040395,
        5.532498123052313,
        1.6912104638451744,
        1.3458997302370446,
        1.0003444191663817,
        0.29930335883150994,
        0.9165847662117749,
        0.2469786726697578,
        10.714831903848369,
        10.381282839445548,
        1.9140786978621023,
        0.4708956479525907,
        0.3070067555057324,
        0.26475443804306703,
        0.3502487214043215,
        5.204675678617178,
        4.854312817745448,
        4.000576582494704,
        0.5548033972199736,
        1.4658895012748994,
        0.13642306868282947,
        0.8426333685724055,
        3.298927664116982,
        2.6479902416858825,
        2.371422348506951,
        0.8316536730748196,
        2.820046900979224,
        2.2266514016080174,
        2.1049074538353296
    ],
    "std": [
        1.5503500207418865,
        1.0516552298187343,
        2.3758965438915927,
        1.117594615844579,
        3.6105721151079413,
        3.9442113332361366,
        3.953186827169553,
        2.217590452452655,
        2.2191371430719533,
        1.2060251086321194,
        0.30120930158267817,
        1.0598796468638585,
        1.2060251086321194,
        2.1543332884618653,
        1.865633498102373,
        2.317540251032299,
        0.7342606950095442,
        2.564316455722061,
        0.7665577314866158,
        2.9318292515304214,
        4.0721698173529814,
        1.1267298050345331,
        0.6288207403250472,
        0.5437141253781256,
        0.49785971700890197,
        0.8676421447829238,
        4.763816902126394,
        5.009254374003376,
        4.9745182101369965,
        1.0312996502768366,
        1.9017364767106628,
        0.8405399999634016,
        1.8234610856270743,
        3.5667247643300066,
        3.085399940002813,
        3.2318024234685683,
        2.000895144872751,
        3.5549654568751916,
        3.0645366969707526,
        3.080109048558186
    ]
}