{
    "features": [
        "IN_BYTES",
        "IN_PKTS",
        "OUT_BYTES",
        "OUT_PKTS",
        "FLOW_DURATION_MILLISECONDS",
        "DURATION_IN",
        "DURATION_OUT",
        "MIN_TTL",
        "MAX_TTL",
        "LONGEST_FLOW_PKT",
        "SHORTEST_FLOW_PKT",
        "MIN_IP_PKT_LEN",
        "MAX_IP_PKT_LEN",
        "SRC_TO_DST_SECOND_BYTES",
        "DST_TO_SRC_SECOND_BYTES",
        "RETRANSMITTED_IN_BYTES",
        "RETRANSMITTED_IN_PKTS",
        "RETRANSMITTED_OUT_BYTES",
        "RETRANSMITTED_OUT_PKTS",
        "SRC_TO_DST_AVG_THROUGHPUT",
        "DST_TO_SRC_AVG_THROUGHPUT",
        "NUM_PKTS_UP_TO_128_BYTES",
        "NUM_PKTS_128_TO_256_BYTES",
        "NUM_PKTS_256_TO_512_BYTES",
        "NUM_PKTS_512_TO_1024_BYTES",
        "NUM_PKTS_1024_TO_1514_BYTES",
        "TCP_WIN_MAX_IN",
        "TCP_WIN_MAX_OUT",
        "DNS_QUERY_ID",
        "DNS_QUERY_TYPE",
        "DNS_TTL_ANSWER",
        "FTP_COMMAND_RET_CODE",
        "SRC_TO_DST_IAT_MIN",
        "SRC_TO_DST_IAT_MAX",
        "SRC_TO_DST_IAT_AVG",
        "SRC_TO_DST_IAT_STDDEV",
        "DST_TO_SRC_IAT_MIN",
        "DST_TO_SRC_IAT_MAX",
        "DST_TO_SRC_IAT_AVG",
        "DST_TO_SRC_IAT_STDDEV"
    ],
    "mean": [
        2505.9970190320005,
        31.503453256706983,
        8441.142619179504,
        11.891408182104383,
        10832.265978610114,
        10766.619774729295,
        10139.769046207006,
        66.14559458724003,
        66.3075912819975,
        523.6680955244223,
        53.76852198544523,
        47.84169832216851,
        523.6680955244223,
        63.30051312719318,
        26.857156938038425,
        195.42140552096268,
        1.0413103048013646,
        1801.9450626591556,
        1.7232447112727987,
        315914.40701344836,
        587984.4125091564,
        35.75259244464842,
        1.1996404511775023,
        0.749661685820474,
        0.6356627349308265,
        5.3662249742309625,
        11213.908934685931,
        17197.277873235133,
        11358.2275664254,
        3.6255609609957586,
        263.1857262275698,
        4.082165891325112,
        107.67859357827476,
        4008.534366760038,
        989.6738937106869,
        1418.6594895167364,
        382.5961538996179,
        3603.1981286713717,
        1086.5986938831884,
        1149.2856853485189
    ],
    "std": [
        104933.73715419655,
        1664.5719050948169,
        256894.03630182968,
        176.58546952128728,
        30114.795196451694,
        30099.07724550709,
        29687.366856720713,
        58.38408626824773,
        58.423383913761874,
        540.2774784188753,
        32.378318561368765,
        22.256800801997304,
        540.2774784188753,
        230.36859947778203,
        100.59248011095647,
        11679.63629222337,
        9.420595329263211,
        25725.398756345698,
        18.36429645922071,
        738826.7093928239,
        1695914.963433367,
        1664.6199873889327,
        2.865174475219726,
        3.436355106670133,
        3.1447860648206634,
        171.93446085147704,
        18293.92763943571,
        22888.976575216657,
        19153.37532095968,
        47.43715938992066,
        1310201.036086121,
        30.154187716984584,
        1612.2550146824956,
        12388.886399816636,
        3159.7795344663377,
        4437.066380844006,
        3881.4268534201683,
        12014.665135206986,
        4598.1298349191975,
        4018.5996487520883
    ]
}