{
    "features": [
        "IN_BYTES",
        "IN_PKTS",
        "OUT_BYTES",
        "OUT_PKTS",
        "FLOW_DURATION_MILLISECONDS",
        "DURATION_IN",
        "DURATION_OUT",
        "MIN_TTL",
        "MAX_TTL",
        "LONGEST_FLOW_PKT",
        "SHORTEST_FLOW_PKT",
        "MIN_IP_PKT_LEN",
        "MAX_IP_PKT_LEN",
        "SRC_TO_DST_SECOND_BYTES",
        "DST_TO_SRC_SECOND_BYTES",
        "RETRANSMITTED_IN_BYTES",
        "RETRANSMITTED_IN_PKTS",
        "RETRANSMITTED_OUT_BYTES",
        "RETRANSMITTED_OUT_PKTS",
        "SRC_TO_DST_AVG_THROUGHPUT",
        "DST_TO_SRC_AVG_THROUGHPUT",
        "NUM_PKTS_UP_TO_128_BYTES",
        "NUM_PKTS_128_TO_256_BYTES",
        "NUM_PKTS_256_TO_512_BYTES",
        "NUM_PKTS_512_TO_1024_BYTES",
        "NUM_PKTS_1024_TO_1514_BYTES",
        "TCP_WIN_MAX_IN",
        "TCP_WIN_MAX_OUT",
        "DNS_QUERY_ID",
        "DNS_QUERY_TYPE",
        "DNS_TTL_ANSWER",
        "FTP_COMMAND_RET_CODE",
        "SRC_TO_DST_IAT_MIN",
        "SRC_TO_DST_IAT_MAX",
        "SRC_TO_DST_IAT_AVG",
        "SRC_TO_DST_IAT_STDDEV",
        "DST_TO_SRC_IAT_MIN",
        "DST_TO_SRC_IAT_MAX",
        "DST_TO_SRC_IAT_AVG",
        "DST_TO_SRC_IAT_STDDEV"
    ],
    "mean": [
        5.679957184359361,
        1.6393728895910467,
        5.739304838310092,
        1.5213910125130066,
        4.407549606217902,
        3.954079234198401,
        3.505225527633926,
        2.906971662041334,
        2.9102967581029344,
        5.568833312911345,
        3.9446571104445227,
        3.586215999293295,
        5.568833312911345,
        1.4613475956016764,
        1.1678563706335667,
        0.8870119577384732,
        0.2679784322717886,
        0.753716883980277,
        0.19686725407900485,
        10.434357672205739,
        9.80730685844213,
        1.9309062119760003,
        0.5226413789866992,
        0.329214590048765,
        0.2763023582050297,
        0.35849428318095355,
        5.469954745163545,
        5.241021952913595,
        3.503676479414735,
        0.48684983056128417,
        1.280564965216718,
        0.10377530091740729,
        0.8439321110681366,
        3.639216910589253,
        2.9557523329208437,
        2.711507288660549,
        1.0499208755688705,
        3.1873860151560405,
        2.5805328983866147,
        2.4285786635284246
    ],
    "std": [
        1.5497165627886051,
        1.0122491974059131,
        2.4796381401215615,
        1.0924876945655368,
        3.724699610142188,
        4.063530135594076,
        4.126456109978523,
        2.2177748349680235,
        2.218976369933769,
        1.2459500968966752,
        0.29719137637636656,
        1.160373256042262,
        1.2459500968966752,
        2.0414931433016994,
        1.7735401311104524,
        2.1853023327472525,
        0.7005766281675844,
        2.32582768640499,
        0.6812977367410029,
        2.9644687983210156,
        4.230952067906825,
        1.0808024480758358,
        0.6428620788786968,
        0.535337305533062,
        0.48230065200577843,
        0.828442747470312,
        4.641984397207925,
        5.051471249743231,
        4.838882995042655,
        0.9834024548533457,
        1.840074187842297,
        0.7353966206235959,
        1.8076706607667603,
        3.6562760895575193,
        3.1596178262934522,
        3.3315134081272872,
        2.1612163872229955,
        3.695936636509084,
        3.2081476715036126,
        3.224416901462483
    ]
}