{
    "features": [
        "IN_BYTES",
        "IN_PKTS",
        "OUT_BYTES",
        "OUT_PKTS",
        "FLOW_DURATION_MILLISECONDS",
        "DURATION_IN",
        "DURATION_OUT",
        "MIN_TTL",
        "MAX_TTL",
        "LONGEST_FLOW_PKT",
        "SHORTEST_FLOW_PKT",
        "MIN_IP_PKT_LEN",
        "MAX_IP_PKT_LEN",
        "SRC_TO_DST_SECOND_BYTES",
        "DST_TO_SRC_SECOND_BYTES",
        "RETRANSMITTED_IN_BYTES",
        "RETRANSMITTED_IN_PKTS",
        "RETRANSMITTED_OUT_BYTES",
        "RETRANSMITTED_OUT_PKTS",
        "SRC_TO_DST_AVG_THROUGHPUT",
        "DST_TO_SRC_AVG_THROUGHPUT",
        "NUM_PKTS_UP_TO_128_BYTES",
        "NUM_PKTS_128_TO_256_BYTES",
        "NUM_PKTS_256_TO_512_BYTES",
        "NUM_PKTS_512_TO_1024_BYTES",
        "NUM_PKTS_1024_TO_1514_BYTES",
        "TCP_WIN_MAX_IN",
        "TCP_WIN_MAX_OUT",
        "DNS_QUERY_ID",
        "DNS_QUERY_TYPE",
        "DNS_TTL_ANSWER",
        "FTP_COMMAND_RET_CODE",
        "SRC_TO_DST_IAT_MIN",
        "SRC_TO_DST_IAT_MAX",
        "SRC_TO_DST_IAT_AVG",
        "SRC_TO_DST_IAT_STDDEV",
        "DST_TO_SRC_IAT_MIN",
        "DST_TO_SRC_IAT_MAX",
        "DST_TO_SRC_IAT_AVG",
        "DST_TO_SRC_IAT_STDDEV"
    ],
    "mean": [
        5.6855319002143485,
        1.645365524810587,
        5.747708674394552,
        1.5263444640332653,
        4.4106343489125805,
        3.956524030873382,
        3.5055948051360057,
        2.8945665406361307,
        2.897816887804554,
        5.5707988458259665,
        3.946141308031893,
        3.586637159133742,
        5.5707988458259665,
        1.4616407297871585,
        1.1592711730044272,
        0.8964554418321097,
        0.2700466464437271,
        0.7549631373335128,
        0.19680010372232595,
        10.438405009278346,
        9.818487785619538,
        1.9369350747726373,
        0.5187245438117757,
        0.3328824440735121,
        0.286743266572741,
        0.3575308737630117,
        5.506214124160215,
        5.209555262253513,
        3.4877322054886717,
        0.4834812375660496,
        1.2740411293064473,
        0.10336752609074915,
        0.8524551347655256,
        3.633005867112579,
        2.9506775704663495,
        2.702323788046873,
        1.0416760981550113,
        3.181859190246205,
        2.574307579482701,
        2.423893334203931
    ],
    "std": [
        1.561520683662922,
        1.0231546502437543,
        2.4938962147629495,
        1.103735418243696,
        3.7281400424998603,
        4.067930569454792,
        4.134738206458962,
        2.217566031163404,
        2.2187459517440726,
        1.252171656343744,
        0.2965812840553657,
        1.1620899845306447,
        1.252171656343744,
        2.0467430246813287,
        1.7670232605148986,
        2.1959767575358358,
        0.702042439990465,
        2.3308023075044377,
        0.6813881320352708,
        2.957049018607302,
        4.236148281329396,
        1.09107542156358,
        0.6521796483106985,
        0.5465076653815519,
        0.496704219851243,
        0.8276965706384863,
        4.656172958486917,
        5.050502489319866,
        4.833712992300036,
        0.9787899954265877,
        1.8348979476008969,
        0.7339876634003735,
        1.8193116933289777,
        3.6545131072689587,
        3.1551930896024074,
        3.3260870188301563,
        2.15846602042116,
        3.6989788450758896,
        3.206605590133482,
        3.224196242633506
    ]
}