{
    "features": [
        "IN_BYTES",
        "IN_PKTS",
        "OUT_BYTES",
        "OUT_PKTS",
        "FLOW_DURATION_MILLISECONDS",
        "DURATION_IN",
        "DURATION_OUT",
        "MIN_TTL",
        "MAX_TTL",
        "LONGEST_FLOW_PKT",
        "SHORTEST_FLOW_PKT",
        "MIN_IP_PKT_LEN",
        "MAX_IP_PKT_LEN",
        "SRC_TO_DST_SECOND_BYTES",
        "DST_TO_SRC_SECOND_BYTES",
        "RETRANSMITTED_IN_BYTES",
        "RETRANSMITTED_IN_PKTS",
        "RETRANSMITTED_OUT_BYTES",
        "RETRANSMITTED_OUT_PKTS",
        "SRC_TO_DST_AVG_THROUGHPUT",
        "DST_TO_SRC_AVG_THROUGHPUT",
        "NUM_PKTS_UP_TO_128_BYTES",
        "NUM_PKTS_128_TO_256_BYTES",
        "NUM_PKTS_256_TO_512_BYTES",
        "NUM_PKTS_512_TO_1024_BYTES",
        "NUM_PKTS_1024_TO_1514_BYTES",
        "TCP_WIN_MAX_IN",
        "TCP_WIN_MAX_OUT",
        "DNS_QUERY_ID",
        "DNS_QUERY_TYPE",
        "DNS_TTL_ANSWER",
        "FTP_COMMAND_RET_CODE",
        "SRC_TO_DST_IAT_MIN",
        "SRC_TO_DST_IAT_MAX",
        "SRC_TO_DST_IAT_AVG",
        "SRC_TO_DST_IAT_STDDEV",
        "DST_TO_SRC_IAT_MIN",
        "DST_TO_SRC_IAT_MAX",
        "DST_TO_SRC_IAT_AVG",
        "DST_TO_SRC_IAT_STDDEV"
    ],
    "mean": [
        5.608649291069739,
        1.6070115606101867,
        5.785606304668082,
        1.5122157749706944,
        4.0596941683069545,
        3.5725766315456364,
        3.0920988175609327,
        2.775532479963484,
        2.7795114396682856,
        5.532498123051468,
        3.9809847960981783,
        3.6889923250400454,
        5.532498123051468,
        1.6912104638443826,
        1.3458997302367306,
        1.0003444191673412,
        0.29930335883178677,
        0.9165847662116201,
        0.24697867267003018,
        10.714831903849191,
        10.381282839446692,
        1.9140786978608169,
        0.47089564795219646,
        0.30700675550566175,
        0.2647544380435954,
        0.35024872140426516,
        5.204675678613523,
        4.854312817755369,
        4.000576582494569,
        0.5548033972176729,
        1.4658895012779587,
        0.13642306868278442,
        0.8426333685725512,
        3.2989276641169796,
        2.647990241686068,
        2.3714223485067514,
        0.831653673074819,
        2.8200469009797757,
        2.2266514016079135,
        2.104907453835433
    ],
    "std": [
        1.5503500207451761,
        1.0516552298240374,
        2.3758965438930986,
        1.1175946158506218,
        3.61057211510888,
        3.944211333236792,
        3.9531868271700947,
        2.2175904524479058,
        2.2191371430644655,
        1.2060251086375766,
        0.30120930157754444,
        1.0598796468611065,
        1.2060251086375766,
        2.154333288461784,
        1.865633498102528,
        2.3175402510311796,
        0.7342606950090499,
        2.564316455723782,
        0.7665577314866032,
        2.931829251522002,
        4.072169817351518,
        1.1267298050357095,
        0.628820740325732,
        0.5437141253783997,
        0.4978597170084339,
        0.8676421447832741,
        4.7638169021190695,
        5.009254373996291,
        4.974518210137004,
        1.0312996502784781,
        1.90173647670482,
        0.8405399999632469,
        1.8234610856270788,
        3.566724764330412,
        3.0853999400020973,
        3.231802423467501,
        2.000895144872793,
        3.554965456875659,
        3.064536696970511,
        3.0801090485573495
    ]
}