{
  "split": "test",
  "checkpoint": "NEW/experiments/v2/checkpoints/nids_multitask_05_v2_run1/nids_multitask_best.pt",
  "device": "cuda",
  "future_task_enabled": true,
  "seq_len": 32,
  "stride": 16,
  "pseudo_zero_day_families": [
    "DoS / DDoS"
  ],
  "thresholds_from_validation": {
    "current": 0.9786726236343384,
    "known": 0.3293428122997284,
    "future": 2.2770815121475607e-05
  },
  "threshold_target_recall": 0.85,
  "future_threshold_target_recall": 0.7,
  "known_target_unknown_recall": 0.8,
  "sequence_count": 164611,
  "current_positive_count": 14747,
  "current_positive_rate": 0.08958696563413138,
  "unknown_positive_count": 10100,
  "known_family_count": 4647,
  "future_positive_count": 1716,
  "attack_family_counts": {
    "Web Attacks": 54,
    "Infiltration": 2848,
    "DoS / DDoS": 10100,
    "Analysis / Backdoors": 89,
    "Exploits / Shellcode": 628,
    "Fuzzers": 427,
    "Worms / Generic": 348,
    "Reconnaissance": 253
  },
  "current_at_validation_threshold": {
    "auc": 0.9864092810120583,
    "pr_auc": 0.9577643966280261,
    "precision": 1.0,
    "recall": 0.572658845866956,
    "f1": 0.7282683684028975,
    "false_positive_rate": 0.0,
    "positive_rate": 0.08958696563413138
  },
  "current_oracle_for_this_split_diagnostic_only": {
    "threshold": 0.779522180557251,
    "f1": 0.9090711412314719,
    "precision": 0.9763350459286938,
    "recall": 0.8504780633349156,
    "meets_target_recall": true,
    "selection_policy": "precision_at_target_recall",
    "target_recall": 0.85
  },
  "future_at_validation_threshold": {
    "auc": 0.9605065109872802,
    "pr_auc": 0.48561265820957356,
    "precision": 0.059862647844334226,
    "recall": 0.9143356643356644,
    "f1": 0.11236840220582969,
    "false_positive_rate": 0.16632691632691632,
    "positive_rate": 0.011450381679389313
  },
  "future_oracle_for_this_split_diagnostic_only": {
    "threshold": 0.03356398642063141,
    "f1": 0.4178949193688226,
    "precision": 0.2974574179215009,
    "recall": 0.7022144522144522,
    "meets_target_recall": true,
    "selection_policy": "precision_at_target_recall",
    "target_recall": 0.7
  },
  "known_family_accuracy": 0.8689477081988379,
  "known_gate_at_validation_threshold": {
    "threshold": 0.3293428122997284,
    "accepted_accuracy": 0.6355511420059583,
    "known_coverage": 0.21669894555627287,
    "balanced_score": 0.3231991743496762,
    "unknown_recall": 0.7295049504950495
  },
  "known_gate_oracle_for_this_split_diagnostic_only": {
    "threshold": 0.917280912399292,
    "accepted_accuracy": 0.8875,
    "known_coverage": 0.017215407789972024,
    "balanced_score": 0.03377564763912386,
    "unknown_recall": 0.7343564356435643,
    "meets_target_unknown_recall": false,
    "selection_policy": "balanced_known_accuracy_at_target_unknown_recall",
    "target_unknown_recall": 0.8
  },
  "unknown_warning_recall": 0.7295049504950495,
  "mean_future_lead_minutes": 0.7546494007110596
}